{"cameraMode":{"drawMode":0,"name":"Shaded","section":"Shading Mode"},"sceneLighting":false,"audioPlay":false,"sceneViewState":{"showFog":true,"showMaterialUpdate":false,"showSkybox":true,"showFlares":true,"showImageEffects":true,"showParticleSystems":true},"in2DMode":false,"pivot":{"x":0.0,"y":0.9195653200149536,"z":0.16133713722229005},"rotation":{"x":0.12328590452671051,"y":-0.0006012063240632415,"z":0.00007063024531817064,"w":0.9923710227012634},"size":4.494190216064453,"orthographic":false}