{"cameraMode":{"drawMode":0,"name":"Shaded","section":"Shading Mode"},"sceneLighting":false,"audioPlay":false,"sceneViewState":{"showFog":true,"showMaterialUpdate":false,"showSkybox":true,"showFlares":true,"showImageEffects":true,"showParticleSystems":true},"in2DMode":false,"pivot":{"x":0.0,"y":5.960464477539063e-8,"z":-2.9802322387695315e-8},"rotation":{"x":-0.14973485469818116,"y":-0.011274383403360844,"z":0.001707479590550065,"w":-0.988660454750061},"size":2.857884645462036,"orthographic":false}